source_version,pattern_name,pattern_type,instance_name,status,source_locations,evidence
baseline,Repository,Architectural,WarehouseRepository,baseline,"app/api/warehouses.py:125-136; app/repositories/warehouses_repositories.py:133-163","Baseline repository instance confirmed from API dependency injection and repository database operations."
baseline,Repository,Architectural,InventoryRepository,baseline,"app/api/inventory.py:269-281; app/repositories/inventory_repositories.py:13-19; app/repositories/inventory_repositories.py:57-63","Baseline repository instance confirmed from API injection and repository database operations."
baseline,Repository,Architectural,OrderRepository,baseline,"app/api/orders.py:439-464; app/repositories/order_repositories.py:13-19; app/repositories/order_repositories.py:91-117","Baseline repository instance confirmed from API injection and repository database operations."
baseline,Repository,Architectural,TransportationRepository,baseline,"app/api/transportation.py:493-503; app/repositories/shipment_repositories.py:412-418; app/repositories/shipment_repositories.py:482-508","Baseline transportation repository instance confirmed from API dependency injection and transportation database operations."
Change1,Repository,Architectural,WarehouseRepository,preserved,"app/api/warehouses.py; app/repositories/warehouses_repositories.py","No change to WarehouseRepository was introduced by Change 1."
Change1,Repository,Architectural,InventoryRepository,preserved,"app/api/inventory.py; app/repositories/inventory_repositories.py","No change to InventoryRepository was introduced by Change 1."
Change1,Repository,Architectural,OrderRepository,preserved,"app/api/orders.py; app/repositories/order_repositories.py","No change to OrderRepository was introduced by Change 1."
Change1,Repository,Architectural,TransportationRepository,extended,"app/api/transportation.py; app/repositories/shipment_repositories.py","TransportationRepository was extended with delivery-partner creation/listing and shipment delivery_partner_id support."
Change2,Repository,Architectural,WarehouseRepository,preserved,"app/api/warehouses.py; app/repositories/warehouses_repositories.py","No change to WarehouseRepository was introduced by Change 2."
Change2,Repository,Architectural,InventoryRepository,preserved,"app/api/inventory.py; app/repositories/inventory_repositories.py","No change to InventoryRepository was introduced by Change 2."
Change2,Repository,Architectural,OrderRepository,preserved,"app/api/orders.py; app/repositories/order_repositories.py","No change to OrderRepository was introduced by Change 2."
Change2,Repository,Architectural,TransportationRepository,extended,"app/api/transportation.py:104-123; app/repositories/shipment_repositories.py:155-187","TransportationRepository was extended with shipment tracking creation and tracking-history retrieval."
Change3,Repository,Architectural,WarehouseRepository,preserved,"app/api/warehouses.py; app/repositories/warehouses_repositories.py","No change to WarehouseRepository was introduced by Change 3."
Change3,Repository,Architectural,InventoryRepository,preserved,"app/api/inventory.py; app/repositories/inventory_repositories.py","No change to InventoryRepository was introduced by Change 3."
Change3,Repository,Architectural,OrderRepository,preserved,"app/api/orders.py; app/repositories/order_repositories.py","No change to OrderRepository was introduced by Change 3."
Change3,Repository,Architectural,TransportationRepository,extended,"app/api/transportation.py:132-139; app/repositories/shipment_repositories.py:191-251","TransportationRepository was extended with transactional shipment route changes and route-history persistence."
